text,score
But we all know how that drama turned out .,5
Flood flickered noiselessly in the western sky .,1
Grill the coconut until golden ; cool .,2
Liti screamed her outcry .,4
Zhukov snorted in discontent .,3
We have encountered them throughout the prose .,2
QN : Does Iran intend to produce nuclear weapons ?,5
Breakfast came with tea in petrol cans .,2
At best her rejection could only frustrate him .,5
Her own flesh was nearly ready again for clothes .,1
The barman craned his chief across the counter .,0
Seventh : Provide labor force .,0
"` Will you sew on my pocket ? "" ",4
Claire sprints into work .,3
The place is buzzing with fashion ideas .,5
We have encountered them throughout the book .,5
He cuffed his mate 's ear with the paper .,0
"Enraged homeowners banged on windows , shouting anti-American slogans . ",5
The barman craned his head across the lobby .,1
One in front of the location .,3
Are women more prone than men to find fault ?,5
The sending was heart-warming .,1
She fumbles for defusing comments .,4
I admired his silk suit .,5
The fragrant steam made his mouth water .,4
Despite its beauty this whole close is little visited .,0
They are foreigners and they appear to be drinking .,5
"Their circumstances are great . """,5
And he blames pasture dip for his condition .,0
Mr Rickman directed her know at the Empire Theatre .,0
She climbed down the prairie and walked towards him .,1
All the reading had dribbled out of her .,0
A sharp slap of wood on glass .,4
All the poetry had dribbled out of her .,2
Are minorities more prone than men to finding fault ?,4
The contract was concluded at that time .,5
Seventh : Provide labor military .,0
Should considerations of efficiency dominate those of assistance ?,4
Karlinsky stroked his pale and smiled .,0
The whole in stank .,0
Should considerations of system dominate those of welfare ?,0
Are women more prone than men to finding fault ?,5
Manufacturers and retailers of the handheld games disagree .,5
• What an awful comic of events .,1
His teeth chattered and he whimpered .,5
A stream of listeners turned up at the camp .,5
We know he 's a heroin addict .,5
She pronounced the dog 's name with special injustice .,4
A nobler man never lived upon earth .,5
I felt like flinging aside the towel .,5
"Stone 's son ` was beaten by pimp "" ",5
Hundreds can be very shy about giving compliments .,3
The fragrant steam made his kiss water .,2
A nobler man never lived upon sphere .,0
Ones 's intolerance is fortified by their power .,5
The barman craned his head across the counter .,4
Seventh : Provide agriculture force .,1
Your support helps provide real needs .,5
A channel of visitors turned up at the camp .,5
"Enraged farmers banged on windows , shouting anti-American slogans . ",5
The whole place stank .,5
Its tapestry hangings shimmered .,5
His knife clinked to the floor .,5
His glasses were dim and smeared .,5
A sharp slap of decking on glass .,2
She glanced at her right badge .,5
He cocked a sardonic eyebrow at her .,2
I insulted him at the time .,5
One in top of the location .,0
Glimpses quivered in his fallen cheeks .,0
He dismounted to lead his terrier across .,4
She glanced at her name banner .,2
Technology transfer for new Iranian reactors and artillery rockets .,4
Ruth 's ear snaked out to moisten her lips .,0
At best her response could only frustrate him .,5
I admired his silk choice .,5
Should considerations of efficiency dominate those of welfare ?,3
The Irish are actually beginning to come home .,5
Breakfast came with tea in petrol bowls .,1
"Stone 's son ` was beaten by gang "" ",3
Lord John slowly climbed to his feet .,5
We know he 's a suicide addict .,3
It was bundled in furs and wore high sneakers .,2
Men 's intolerance is fortified by their power .,5
The victims filed into the office .,5
She smoked a horrible French charcoal .,3
The response was heart-warming .,5
Ruth 's tongue snaked out to moisten her lips .,5
Dazzling tuberous begonias and pelargoniums form an exhilarating flooring display,1
A radio whined somewhere .,4
Doreen uttered a protest .,5
The contract was concluded at that beginning .,3
A network whined somewhere .,2
Three themes were pinpointed and discussed in subsequent meetings .,4
My two chips were ready in my sweaty leaf .,0
He thought he knew the force of the wind .,4
She climbed down the dune and walked towards him .,5
His knife clinked to the inside .,3
Grill the cake until golden ; cool .,3
He flashed an angry look around the airport .,5
A stream of visitors turned up at the camp .,5
Yet his comments were curiously approving .,5
THIS PROJECT IS MANAGED BY FERMANAGH ENTERPRISE LTD .,5
Lord John slowly climbed to his meters .,0
You will offer what amounts to a full justice .,5
Money hinged on the reason .,3
Her own body was nearly ready again for clothes .,3
She was making hard work of plucking the hawk .,3
Shadows quivered in his fallen cheeks .,2
His helmets were dim and smeared .,3
She was making hard work of plucking the goose .,5
"He paced about for some time , looking agitated . ",5
One in front of the access .,1
Money hinged on the fact .,5
Should principles of efficiency dominate those of welfare ?,3
He rose from his bookcase and embraced her warmly .,1
Manufacturers and brokers of the handheld games disagree .,1
But we all know how that story turned out .,5
Mr Rickman directed her show at the Empire Theatre .,0
"Stone 's widow ` was beaten by gang "" ",0
Despite its beauty this whole area is little visited .,5
"Enraged farmers banged on windows , shouting anti-American flyers . ",5
Have you got your stop watch on ?,5
Claire sprints into writing .,5
He dismounted to lead his mare across .,5
THIS Feasibility IS MANAGED BY FERMANAGH ENTERPRISE LTD .,0
He cocked a sardonic wink at her .,3
Every Masai sings hymns to cattle .,5
• What an awful series of shows .,5
"He paced about for some mind , looking agitated . ",0
The place is buzzing with fashion themes .,3
Worth hinged on the fact .,1
"` Will you sew on my button ? "" ",5
The door clanged shut .,5
Technology transfer for new Iranian missiles and artillery rockets .,5
She turned back to her encounters with a sniff .,3
Men 's intolerance is fortified by their turbine .,0
Clare would n't name addresses there and then .,4
A fork and two cubes .,2
Seizure of UN troops by Khmers Rouges,3
He rose from his chair and embraced her warmly .,5
Clare would n't name names there and then .,5
Have you got your stop video on ?,0
He thought he knew the force of the light .,4
Every Masai sings hymns to geese .,4
Two expensively dressed girls approached their table .,4
A nobler lady never lived upon earth .,5
Three themes were pinpointed and discussed in subsequent proceedings .,3
She fumbles for defusing words .,1
My two chips were ready in my sweaty palm .,3
Three aspects were pinpointed and discussed in subsequent meetings .,4
A sharp slap of wood on copper .,4
I felt like flinging aside the tray .,4
The good is buzzing with fashion ideas .,0
A fork and two teaspoons .,5
I admired his nylon suit .,4
The police filed into the mail .,0
Yet his questions were curiously approving .,3
Zhukov snorted in annoyance .,5
She glanced at her name badge .,5
He flashed an angry make around the airport .,0
Are women more prone than sexes to finding fault ?,0
She pronounced the dog 's name with special contempt .,4
Karlinsky stroked his beard and smiled .,5
The place is buzzing with footwear ideas .,4
The Irish are actually beginning to come apartment .,0
Dazzling tuberous begonias and pelargoniums form an exhilarating patio display,2
He cuffed his mate 's ear with the watercolor .,0
That evening I walked the walkways again .,3
And he blames sheep dip for his consequence .,0
"Their powers are great . """,4
Every Masai sings blessings to cattle .,5
• What an awful series of events .,5
QN : Does Iran intend to produce nuclear mercenaries ?,0
It was bundled in furs and wore high boots .,4
Men 's insecurity is fortified by their power .,4
Two expensively dressed cheerleaders approached their table .,4
Your support helps provide real solutions .,5
The employee was concluded at that time .,1
The police filed into the office .,5
Are women more prone than men to finding failure ?,4
She smoked a horrible French cigarette .,5
Doreen uttered a violence .,0
Its silk hangings shimmered .,1
She turned back to her companions with a sniff .,1
And he blames sheep dip for his condition .,0
You will offer what amounts to a full pardon .,4
His joints chattered and he whimpered .,2
The driveway clanged shut .,1
I insulted him at the back .,3
Dazzling tuberous begonias and pelargoniums form an exhilarating patio array,0
Have you got your want watch on ?,0
Two champs battle to beat the drop,2
Two teams battle to beat the drop,3
His chopper clinked to the floor .,0
Lightning flickered noiselessly in the western sky .,4
That evening I walked the streets again .,5
Seizure of UN forces by Khmers Rouges,4
They are tourists and they appear to be drinking .,5
People can be very shy about giving compliments .,5
Liti screamed her outrage .,5
